{"cameraMode":{"drawMode":0,"name":"Shaded","section":"Shading Mode"},"sceneLighting":false,"audioPlay":false,"sceneViewState":{"m_AlwaysRefresh":false,"showFog":true,"showSkybox":false,"showFlares":true,"showImageEffects":true,"showParticleSystems":true,"showVisualEffectGraphs":true,"m_FxEnabled":true},"in2DMode":false,"pivot":{"x":1.9587316513061524,"y":1.6206352710723878,"z":0.16425609588623048},"rotation":{"x":-0.11853073537349701,"y":0.0035706041380763056,"z":-0.00042451932677067816,"w":-0.9929508566856384},"size":3.5615525245666506,"orthographic":false}