{"cameraMode":{"drawMode":0,"name":"Shaded","section":"Shading Mode"},"sceneLighting":true,"audioPlay":false,"sceneViewState":{"m_AlwaysRefresh":false,"showFog":true,"showSkybox":false,"showFlares":true,"showImageEffects":true,"showParticleSystems":true,"showVisualEffectGraphs":true,"m_FxEnabled":true},"in2DMode":false,"pivot":{"x":-1.1510000228881837,"y":-7.111000061035156,"z":2.3489999771118166},"rotation":{"x":-0.5103844404220581,"y":-0.024099955335259439,"z":0.014084254391491413,"w":-0.8595893979072571},"size":14.91691780090332,"orthographic":false}